id,recipient,height,claimed_coins,fund_community_pool_coins
1,evmos16lgzlre83u3sh6mdu6yc5hvyjt8eejcgq43lqc,273246,146250227929551701387aevmos,40611301951095113845aevmos
2,evmos199g7q4utyss49tkn88pz5c0093gkkw76x5znun,273249,283501512408389952720aevmos,78725410488314575152aevmos
3,evmos13mkynsrry2kcrqw28wat8zv4q7thhwwcymukfm,273353,310175988224615456010aevmos,86193495789550748406aevmos
4,evmos16xz0swftu499wg2aauum2pn0af6kxv3pj232rq,273948,408858099230180442844aevmos,114076129947087281444aevmos
5,evmos1mfgtad38nud33el6tcrpfq7smn4j4urykn9xdl,273948,157623418520615333023aevmos,43978753527733811297aevmos
6,evmos15avn3ahjzv5cpgez88efhzlcpelj2l0a084rn9,273948,108998307683250984612aevmos,30411786227785946204aevmos
7,evmos12wys8uq7um8wct5mafc77lcwu9qgrjsmu0rrfl,273950,508649334789712092476aevmos,141920940298698891716aevmos
8,evmos137fcj8n433krggzseqcnyxj3ql9ylhczn2rjdf,273950,46566187272593331791aevmos,12992678121920583089aevmos
9,evmos1enslpk77xh5y3ewm7uunqh9f9rffm26my2jx7r,273952,60706311808191187104aevmos,16938217857487407456aevmos
10,evmos1fx8s9fahg2w2hcxwrjma94qjl0k5mfjhfwt68d,273966,304488859737225962556aevmos,84966070200355691460aevmos
11,evmos13qkwjqr9ufs59vs58yfkx9n204rs4cxtcfls3f,273966,189769104964577910001aevmos,52954105145895841551aevmos
12,evmos10s80phajaj0vzy6yz0kyzck7st7r3qx4g8sdax,273968,179090623693350238878aevmos,49974976422547864930aevmos
13,evmos16g3cwlww7g5aq49965q20k6d5nln85t660p7f0,273985,182204813338961321747aevmos,50849960601612939245aevmos
14,evmos10xrkfnnz8nk28c88v67wrvh9un265dykdp0x54,273985,154460701135897020937aevmos,43107097026280177911aevmos
15,evmos1xe9wkuvmx4eqdaysfxm6gphn3mwj5dqezd9qhj,273985,146241819109071393963aevmos,40813360545916731733aevmos
16,evmos1v84f86mv0u6d8zsu5sq60045yg68tca8h40f97,273999,542631228287465686356aevmos,151453099618054154924aevmos
17,evmos17c3pq850p624a4c50xddzlppnykg7fpmearpdf,273999,87198617086113839470aevmos,24337893124542860434aevmos
18,evmos1rvg7fn04vvzdfk9xudj9ugvulscr88n9khdkkj,273999,143482735723988826184aevmos,40047280610182645688aevmos
19,evmos10swm3a7l0cupsglnjgh2zxgzgjl87kcyvy048k,273999,230976791070061506112aevmos,64467633124977971648aevmos
20,evmos1hhmzah5f6krf9ksg2dqsm7ccejwqzmmymrn9lx,273999,713572071913630288972aevmos,199164177176591621812aevmos
21,evmos18put7u2zv8mq2uqmjdu3ukragv430f90ng25c9,273999,143482735723988826184aevmos,40047280610182645688aevmos
22,evmos1aznnwtqnlh42x6wt9d4hgu9x6ccxsmeuknql22,274000,143482517389209698320aevmos,40047498944961773552aevmos
23,evmos1635semf8qpl76rplk9eck8srr4kcpy4sgj8llv,274049,240213631035827632184aevmos,67068074666511307464aevmos
24,evmos1xlhkc6f83dgs0haqtrvxuyapcr9h74xf4q5nc2,274051,168894613619755230658aevmos,47156293577207761470aevmos
25,evmos1t59v8zwxd8twlca6j6uc0rvp2mccp3fe4ymn4l,274052,175118628656667078281aevmos,48894412362708096375aevmos
26,evmos1tmxzt50ktzhknkd4nl9wmvkeacuz2spk0juc8z,274052,37245787297661872115aevmos,10399298446289322765aevmos
27,evmos1vs4r40fy4gteywc65m7rmrsqwp0n20xqv3yppq,274073,143467234566615724524aevmos,40062781767555747348aevmos
28,evmos1dnnpwvt6wkk29j0hz2dmuv5me5jzezz2rl22u7,274073,143467234566615724524aevmos,40062781767555747348aevmos
29,evmos1v7cq6mdwvvt2szv40z60z0tv9gs5uxe32z6l2a,274073,118066613340205074185aevmos,32969736808349220087aevmos
30,evmos1ue7nkz7l68v9877wdsyf3dryuve2v7ccr082ku,274073,232329665062891495586aevmos,64877340792556309086aevmos
31,evmos1asgjvmpemkmpntdkhyc50y9gas40jkadxy59jx,274075,146530429733616348285aevmos,40918710092299174787aevmos
32,evmos132lnphkn2ppvfkztazrz53sep4kn0w75mvla8q,274075,146222468047595639754aevmos,40832711607392485942aevmos
33,evmos1q3tgch78m4z3wwtznrwlzd689d3fhdzx8grsug,274079,408673004646880769112aevmos,114125398590711423400aevmos
34,evmos1qggm0jeuhpwhzwz92m8pr3pspvns2r70zzk0ln,274082,144843123653274488815aevmos,40449474341305309969aevmos
35,evmos1lch36v777rg3cuv40att6ea5w02af6ev94a3tm,274082,143465314522469462480aevmos,40064701811702009392aevmos
36,evmos12su98753gw0s4sdhg6l25xsjc7q06v0spadd3r,274084,144842706082090054072aevmos,40449891912489744712aevmos
37,evmos1djfv60f9zmwt8ftkujdfvnstpu5rlu3wypmhyp,274086,110461060790723532596aevmos,30848624091568280268aevmos
38,evmos1t9ejnh4rh3fdryyjhzcf8nyd9axhjrgnsquljg,274091,45118940395632036924aevmos,12600845195210292932aevmos
39,evmos1nlw4v5vlrvcdauwtl0qagmr0xz987jx4ljac3k,274091,144841246361033998634aevmos,40451351633545800150aevmos
40,evmos1xv8pkgkwf3nhn3hlw42zf4u7jk9680xegg59v5,274091,143463455087827765380aevmos,40066561246343706492aevmos
41,evmos1gnleldy9y0y5utnqjewxaxrf6nv7th0444y8m5,274096,143462388588939007144aevmos,40067627745232464728aevmos
42,evmos19jvl0tthv254qsckjdtsq2gxys3ey68xt4kfhk,274102,144838925706261085276aevmos,40453672288318713508aevmos
43,evmos1jt0kgxskjqf8y4lczm64rt9apqqsxa4nm6l8kk,274102,453196223359850350792aevmos,126578206878474238776aevmos
44,evmos1wra6gx2hqk3wpu7zupgqx3mg4axt3r5ch6yucm,274104,149332995703499169246aevmos,41709421090497644066aevmos
45,evmos1y6hx20kfqpk3fv82xv6rnu9pc2t90pwrcjtcw4,274104,35865185858498810598aevmos,10017318225044057370aevmos
46,evmos10k0hyqekf5zzhs29qwd4025lu4k0ttn0gwupar,274107,143460136883204945992aevmos,40069879450966525880aevmos
47,evmos1952kngp52u9upt356rezawf0mst9h45cq2aj5u,274107,230940411726582824564aevmos,64504012468456653196aevmos
48,evmos14fj928kezq5855g870mjgywta98xxkc2652t80,274111,230939061102036518268aevmos,64505363093002959492aevmos
49,evmos1ce5mxa35ymcewpqzjahndltqzzm2rfrgca32mn,274117,235044097855854542360aevmos,65654695337694493160aevmos
50,evmos1gtxpqyfmneayafgwgf4vvt84p3g923nl2heepr,274117,411172667788243519855aevmos,114852559503024293265aevmos
51,evmos1t59v8zwxd8twlca6j6uc0rvp2mccp3fe4ymn4l,274118,230936628767046846988aevmos,64507795427992630772aevmos
52,evmos1hjgtqwqzm70r87t6xd5we4pq9z3n2ct73pzn2e,274123,143456735834502253972aevmos,40073280499669217900aevmos
53,evmos1uvkmjk9248g68fsudy4dl096yy92686wp6ujuz,274129,143455506130026435520aevmos,40074510204145036352aevmos
54,evmos1cp90em4qhedgem8fxrzwvgywkqa7e5rxuaqrf8,274129,326846292201710801261aevmos,91305000591279960723aevmos
55,evmos1hjgtqwqzm70r87t6xd5we4pq9z3n2ct73pzn2e,274130,143455292952090239912aevmos,40074723382081231960aevmos
56,evmos1qxmq6qw4hketvrqq38zajxuqnjxcetcsk2xrld,274133,108968707584955680668aevmos,30441386326081250148aevmos
57,evmos1as2qhsscdmzwh82wj470z8rg3lfn9aflssxktk,274136,143454042236013752496aevmos,40075974098157719376aevmos
58,evmos1vzprd5lpnues2el2phyl0tyjlhdu2j5h3rv7c7,274139,37241052372428786327aevmos,10404033371522408553aevmos
59,evmos15xkl8hdg6lmzew4kt2rfy6aydtpxtnewhw2m9d,274161,37239873445790371869aevmos,10405212298160823011aevmos
60,evmos12xf3vn4lvsm287822cg4eerplvgeet5e2tahyq,274166,144825484378247937279aevmos,40467113616331861505aevmos
61,evmos1f72z9d7r9ulnjy9y94ahg7l5ylcnkeh0w8jmr5,274166,144825484378247937279aevmos,40467113616331861505aevmos
62,evmos1t59v8zwxd8twlca6j6uc0rvp2mccp3fe4ymn4l,274169,143447218775883092520aevmos,40082797558288379352aevmos
63,evmos1v2jt3mkj7tvxt28rrcdd4fq4tg5t9ay340d8tg,274169,176152797988807584220aevmos,49221567356721138212aevmos
64,evmos1z5hdep5dssnx8mwzkn2vdeakg925epz6de088x,274170,143447006838446350912aevmos,40083009495725120960aevmos
65,evmos1uvkmjk9248g68fsudy4dl096yy92686wp6ujuz,274185,143443842423841146916aevmos,40086173910330324956aevmos
66,evmos1dunh5rpkrp9df5wzdl0ce9mr0su8xwefmdkl6l,274185,144821445341362871204aevmos,40471152653216927580aevmos
67,evmos18es38vpxx0prjnw9hswedcdv99gpkaa98xe06p,274185,144821445341362871204aevmos,40471152653216927580aevmos
68,evmos1l6m5ly2guls05w7v9ys0ln7xnrxuh4h8x6cwjc,274186,143443636302063486376aevmos,40086380032107985496aevmos
69,evmos1k4y5mpug4w9wlpffr4vun8ansh980lcpsr8zxe,274200,145939217978805691960aevmos,40787554154910111688aevmos
70,evmos1grlnsjtwf4a0jxnn05pcf3yypf22dwrhq4ejwn,274200,143440743677966677780aevmos,40089272656204794092aevmos
71,evmos1tdkxlff4xfmjxg9jjfrs9ez7sa83vclv37suz9,274200,143440743677966677780aevmos,40089272656204794092aevmos
72,evmos18es38vpxx0prjnw9hswedcdv99gpkaa98xe06p,274200,143440743677966677780aevmos,40089272656204794092aevmos
73,evmos19x57sntmnwdap3rel7a9ah4vrxh0mxffex3pj2,274200,144818316835818797613aevmos,40474281158761001171aevmos
74,evmos1ct40a7ju2yhsmudz37ermcwcz7asl6md5wtq6z,274200,143440743677966677780aevmos,40089272656204794092aevmos
75,evmos1kx4j2h279swzl047xktx9xj38w57u4arc7jf29,274200,131202673648320790112aevmos,36668938142981243296aevmos
76,evmos1t59v8zwxd8twlca6j6uc0rvp2mccp3fe4ymn4l,274200,143440743677966677780aevmos,40089272656204794092aevmos
77,evmos1t59v8zwxd8twlca6j6uc0rvp2mccp3fe4ymn4l,274202,143440304716973469124aevmos,40089711617198002748aevmos
78,evmos1qcsksvqpw64rj37jlm4uemsc3me44044n3tfjh,274228,143434617331527424928aevmos,40095399002644046944aevmos
79,evmos19h64anuqxjqle7xr8yzsfd7tykeyqtkerwd0q9,274230,174551484842213651994aevmos,48794414964474283238aevmos
80,evmos1z5xuz2mc2ufclc00upqtx0jkykzceupwqn0tcu,274266,23242377420440814827aevmos,6498806205184513557aevmos
81,evmos15yhr7dtmty5v4fyk78z55z4dachs4my930yp9e,274296,147476753508746381073aevmos,41244228119546579183aevmos
82,evmos1sj7fk3av39rme8dpurahdq94ptqe5u6kdkxqlu,274296,161478964710855380125aevmos,45160169983317019235aevmos
83,evmos1nqtekfjcgflmsfzt5mh8v5hy25cjtzuln4dvfg,274296,347778181006712164047aevmos,97261719499345432881aevmos
84,evmos1sztuhlep9rn00edn6s56c3e8yn2pghpdxv65xf,274296,45105353515616630320aevmos,12614432075225699536aevmos
85,evmos1h6cxj9hrenfdp5mdqylcxwez05zhwzduprffqj,274315,176757330075397721401aevmos,49439653848154949319aevmos
86,evmos1uvkmjk9248g68fsudy4dl096yy92686wp6ujuz,274334,143412119146761321268aevmos,40117897187410150604aevmos
87,evmos102g2gqykxgr8ump7nn93pdhqkp9zu9yw0tj6ux,274334,115018751720855010300aevmos,32175177966929308164aevmos
88,evmos103py6jm4xxzud6g7pnw4lkvqwcvcc5djdt6rut,274334,258321150208566638360aevmos,72262382057094407144aevmos
89,evmos1hjgtqwqzm70r87t6xd5we4pq9z3n2ct73pzn2e,274334,143412119146761321268aevmos,40117897187410150604aevmos
90,evmos1lh9xzrm0h7jdcqevh25h8fcpqahzxccx2s4lpu,274347,143409362527929289224aevmos,40120653806242182648aevmos
91,evmos1hjgtqwqzm70r87t6xd5we4pq9z3n2ct73pzn2e,274347,143409362527929289224aevmos,40120653806242182648aevmos
92,evmos1ckgeltrgr2kf2rxnzf96ylnfqqnnyryms4nd9c,274364,143405836852448090772aevmos,40124179481723381100aevmos
93,evmos13cvjhrjltkrct9h878qks2r5rkzlqg2wpy3k39,274364,405747326855559512852aevmos,113525913061216025836aevmos
94,evmos1hjgtqwqzm70r87t6xd5we4pq9z3n2ct73pzn2e,274377,143403130558422376564aevmos,40126885775749095308aevmos
95,evmos1sanu2yjwsrt99z7n63sx0u9k32uw9h9nj6xjza,274377,149035634201227134427aevmos,41702965945172166949aevmos
96,evmos1ptdh6496crk0swccgh5mz28x6j84ypf3lpjq2w,274379,143402713431540457576aevmos,40127302902631014296aevmos
97,evmos1hhmzah5f6krf9ksg2dqsm7ccejwqzmmymrn9lx,274400,262327348738577445088aevmos,73415874844026621728aevmos
98,evmos1ylddetyxz00g6f63n0le9glqlflaz6r3rqx5au,274400,108925743706278281922aevmos,30484350204758648894aevmos
99,evmos1uvkmjk9248g68fsudy4dl096yy92686wp6ujuz,274400,143398106699376905720aevmos,40131909634794566152aevmos
100,evmos1zafvyu693qt8zm5gv6q3n6sa5ff2j2ngkuu45v,274420,73074075000946327719aevmos,20453514826547735129aevmos
101,evmos176u3q6xr654f26hxs239pkym52kq95rvctm5wq,274420,341488320816488131458aevmos,95582960616641083262aevmos
102,evmos1sj7fk3av39rme8dpurahdq94ptqe5u6kdkxqlu,274420,143393903374014560020aevmos,40136112960156911852aevmos
103,evmos13c0hgfnjuur96vdq5fntzl2pyzpys82yvyguma,274422,143393470162976509660aevmos,40136546171194962212aevmos
104,evmos1dsezl7948zgmvdmjy24gp0rguuqzymvv39ta4y,274422,110678680024020077481aevmos,30979513543413534807aevmos
105,evmos1uvkmjk9248g68fsudy4dl096yy92686wp6ujuz,274426,143392644402325382052aevmos,40137371931846089820aevmos
106,evmos16z4gqnw7gv2a5tkjgn49lvlpwe74qz9u9wxn7n,274426,43035450134949987139aevmos,12046153939908034237aevmos
107,evmos1sj7fk3av39rme8dpurahdq94ptqe5u6kdkxqlu,274442,143388987102631295204aevmos,40141029231540176668aevmos
108,evmos1yq2nzcs4mdv32aa90f6nra4gt3xacjl3m5k46f,274442,144766063201787982980aevmos,40526534792791815804aevmos
109,evmos1fgla49g8as9tecf7vv2fyeynj2y75yv7xwsnj0,274442,37224322874814511577aevmos,10420762869136683303aevmos
110,evmos1g7mvhgk2n6tsvp2cyd4km43efve8t8m4zsphcn,274442,449418097057571788900aevmos,125812346789637793692aevmos
111,evmos1he96jl4mhuts56z4hc47f352ye9ddfn3nd9wdr,274442,143388987102631295204aevmos,40141029231540176668aevmos
112,evmos1qd9s5khe8qlvmf2asvnzszk0svlastqrtpu3ye,274445,108918332234349984370aevmos,30491761676686946446aevmos
113,evmos1zsecpphemgygeukk0npdd2mgju3m24dakst9ky,274445,144765419653316281477aevmos,40527178341263517307aevmos
114,evmos1ks5am83a93y6u4yymx62qjy8gy5ulgne33vds8,274445,147978910490633108708aevmos,41426797301190815772aevmos
115,evmos1fa54cr7y6tn95nmwaxs987dfsqy9vgkwg92euw,274464,143383945950695128596aevmos,40146070383476343276aevmos
116,evmos1tut43pn72nasl74n6zc8urlnqqy6q6frqetlyf,274477,143381097189718128944aevmos,40148919144453342928aevmos
117,evmos1zu992zlzurmypkp5s8h5k6hsnasu6fjksc82v0,274478,313847426162149807521aevmos,87882703943029246559aevmos
118,evmos16azcpw9s35cv6d8mvylldff4h33n8hjaznsss2,274478,107535666857181641103aevmos,30111845393446962801aevmos
119,evmos1r5ml4p8l9xwu9e3rselcmqpyv29eykgmvdjzqs,274478,46057680238413299129aevmos,12896946539252315719aevmos
120,evmos1lh9xzrm0h7jdcqevh25h8fcpqahzxccx2s4lpu,274478,143380889142908854804aevmos,40149127191262617068aevmos
121,evmos1dplduvxlar55wd9wuq5kchdtehy7mp327qewsj,274478,304257555526315297332aevmos,85197374411266356684aevmos
122,evmos1tzjcl73tmazvjfp6ednhnpk528ktx6ugkksukx,274478,108912665185325289192aevmos,30497428725711641624aevmos
123,evmos1uvkmjk9248g68fsudy4dl096yy92686wp6ujuz,274478,143380889142908854804aevmos,40149127191262617068aevmos
124,evmos1umyvd6slk0xvt05ehx5ylyn3wm3tgjkzgrmqss,274478,143380889142908854804aevmos,40149127191262617068aevmos
125,evmos1h4cnrayf6yfwsw7g378x0afkd9ragqy98ku0uw,274479,37222163096080556642aevmos,10422922647870638238aevmos
126,evmos1dsezl7948zgmvdmjy24gp0rguuqzymvv39ta4y,274479,107535500687247805647aevmos,30112011563380798257aevmos
127,evmos1xz28zwv2m73tzd5hqkp66rdkv220qd0rez65he,274479,146134659983659650382aevmos,40920519671328475314aevmos
128,evmos13a74urn8l9xw2efqtrnm7earp3skk6zf2kjc65,274480,144757445939730296004aevmos,40535152054849502780aevmos
129,evmos16rfg7yt5sahe8lsespkhmmxc6lgalrdpq09ch3,274480,103343928268017855445aevmos,28938489616856585003aevmos
130,evmos1pdpx39qshgjy4ds637g2n0pghttlar55rmt6n7,274487,485016532888293155208aevmos,135821226853437697400aevmos
131,evmos1dsezl7948zgmvdmjy24gp0rguuqzymvv39ta4y,274487,107534244019357844418aevmos,30113268231270759486aevmos
132,evmos1fg7ewnl702542v2hfkp8x8767ppe92ndym59ex,274487,206966626859321443527aevmos,57957738080291307321aevmos
133,evmos1j94kq8sq5j3kng8s95965hjx4gztpwqcg27ajw,274490,230808795143326283224aevmos,64635629051713194536aevmos
134,evmos1zjspx6kumm6teyk3ueysjnhpyrcktu0u3y34jv,274494,143377552027243721104aevmos,40152464306927750768aevmos
135,evmos1dsezl7948zgmvdmjy24gp0rguuqzymvv39ta4y,274494,107533164020432790828aevmos,30114348230195813076aevmos
136,evmos1fm6mpd4ysq8pnp7s7kexk8swkpua0ll8a0xzly,274494,143377552027243721104aevmos,40152464306927750768aevmos
137,evmos1dsezl7948zgmvdmjy24gp0rguuqzymvv39ta4y,274509,107530675391012250561aevmos,30116836859616353343aevmos
138,evmos1pk0xu64k6w86y32jcx06h4gygsdqmjh96lemgk,274509,101414477617039202153aevmos,28403832362154682519aevmos
139,evmos1n47d2603737fqdg4hsrcy70xja2z799n5c242j,274509,125097765888257642600aevmos,35036969618755306136aevmos
140,evmos1a64auxh8e4vr4yd4e9637hwn2zjqf6cuedpcpv,274509,143374233854683000748aevmos,40155782479488471124aevmos
141,evmos1dsezl7948zgmvdmjy24gp0rguuqzymvv39ta4y,274509,107530675391012250561aevmos,30116836859616353343aevmos
142,evmos19l22sh5utp5lhv763anlad09f7nunvyef4ef5z,274509,143374233854683000748aevmos,40155782479488471124aevmos
143,evmos1gg7f0wfajv5fmd4x5rpaagt3dg8eln97aa4twd,274509,145978557348534621735aevmos,40885192812947151321aevmos
144,evmos1kg7qqx0fu7ywn7j8302w3f60qle7e2d55rr39v,274509,114269163038039395209aevmos,32004130252019049079aevmos
145,evmos1uvkmjk9248g68fsudy4dl096yy92686wp6ujuz,274509,143374233854683000748aevmos,40155782479488471124aevmos
146,evmos1dsezl7948zgmvdmjy24gp0rguuqzymvv39ta4y,274509,107530675391012250561aevmos,30116836859616353343aevmos
147,evmos1xt75e9xw78n8lm3q9hqkvyvuq55ydzau2ln0u6,274509,143374233854683000748aevmos,40155782479488471124aevmos
148,evmos1dsezl7948zgmvdmjy24gp0rguuqzymvv39ta4y,274513,107529999231619999932aevmos,30117513019008603972aevmos
149,evmos15w6xwlejqqp0jvp26084ch2thyp82yhza2wq9w,274516,144749608374922547375aevmos,40542989619657251409aevmos
150,evmos173rwuwuwaj5vgd6c75kjxwqlgv09fegd9k6yzl,274516,107529516600785508540aevmos,30117995649843095364aevmos
151,evmos1kg7qqx0fu7ywn7j8302w3f60qle7e2d55rr39v,274517,43713410792522180665aevmos,12243793137911822279aevmos
152,evmos1dsezl7948zgmvdmjy24gp0rguuqzymvv39ta4y,274517,107529358598060841921aevmos,30118153652567761983aevmos
153,evmos129hvkutu634t2nn05ljqmsw8dzptesfmphxz6r,274517,144749395681392057750aevmos,40543202313187741034aevmos
154,evmos1a879j86yewnr8t5wmx7ulztck2gmhc342n8ekr,274534,143368718012243335688aevmos,40161298321928136184aevmos
155,evmos1dsezl7948zgmvdmjy24gp0rguuqzymvv39ta4y,274534,107526538509182501766aevmos,30120973741446102138aevmos
156,evmos1a42hjw76rtkq5w5ce30sjts8retc2yrv40p0cw,274534,143368718012243335688aevmos,40161298321928136184aevmos
157,evmos1m9vf00476yw3mpfw3k7xldzgwzwx5a7vz7clzw,274548,143365818643189616088aevmos,40164197690981855784aevmos
158,evmos15avn3ahjzv5cpgez88efhzlcpelj2l0a084rn9,274548,143365818643189616088aevmos,40164197690981855784aevmos
159,evmos1uvkmjk9248g68fsudy4dl096yy92686wp6ujuz,274563,143362383056425390124aevmos,40167633277746081748aevmos
160,evmos1g7mvhgk2n6tsvp2cyd4km43efve8t8m4zsphcn,274563,405624380244982716460aevmos,113648859671792822228aevmos
161,evmos18xehph9fqe3llhfsswxdjlyn55zzen42g4935f,274574,143359901685609959472aevmos,40170114648561512400aevmos
162,evmos1uxqh8dhr7qv2vegquuv7eml049l0jgpjpyuwwl,274577,108896256059236589284aevmos,30513837851800341532aevmos
163,evmos1lh9xzrm0h7jdcqevh25h8fcpqahzxccx2s4lpu,274577,143359286925346255836aevmos,40170729408825216036aevmos
164,evmos1lmn0sz0snxu3vwd8qu9np2408azaxy72ewar30,274600,143354299128177561832aevmos,40175717205993910040aevmos
165,evmos1m0kalc6u6rtwfsydqay94fjvlnnjqk2n9atrqu,274600,327086668197841209873aevmos,91667578602700316911aevmos
166,evmos1q9yadw9lelnv5hvr7suxp20w3k8nj3haz3clw6,274600,144731042091704285196aevmos,40561555902875513588aevmos
167,evmos16azcpw9s35cv6d8mvylldff4h33n8hjaznsss2,274600,107515724346133171374aevmos,30131787904495432530aevmos
168,evmos1s34sdypgymhac5zq4hd52gghl7t5qt8ruht3r9,274600,143354299128177561832aevmos,40175717205993910040aevmos
169,evmos1q9yadw9lelnv5hvr7suxp20w3k8nj3haz3clw6,274600,143354299128177561832aevmos,40175717205993910040aevmos
170,evmos1jks6clef5cyvxxpce2fh4sfwtfay9pl4gvgh2f,274600,274477903498385012408aevmos,76923724627088492872aevmos
171,evmos16v2artj8ma0hljc23vapcm8t8k492n5fnu5zdp,274602,143353876877934441088aevmos,40176139456237030784aevmos
172,evmos1hcmcf6vl4fq62lk8gv763uuuzkk70628zcdugh,274602,143353876877934441088aevmos,40176139456237030784aevmos
173,evmos1uzr48uk2lpk052wwyjcu5ajlduaztf5dh82e0g,274619,245905804485389633383aevmos,68925294272547049113aevmos
174,evmos1q9yadw9lelnv5hvr7suxp20w3k8nj3haz3clw6,274619,143350185200639779244aevmos,40179831133531692628aevmos
175,evmos1mm5kzpw7ylr0g7npp7axkuqty24mymqyvyu84g,274619,143350185200639779244aevmos,40179831133531692628aevmos
176,evmos1w6f5lthkjtc9w7eruwg8eeev7mzmzj7wu7xh2l,274619,109302790365799080259aevmos,30636637498407788221aevmos
177,evmos1q4phpl3da6xg4a08nxg65sh53rvxmt8fwdpqr4,274632,143347505963601707044aevmos,40182510370569764828aevmos
178,evmos1qaptgsnevrsexknfj4k3dtjwwa8c3rkwng4zjh,274632,108887307196178791557aevmos,30522786714858139259aevmos
179,evmos156r2mhuycy67q7x8eytm5g9j6znnwd63x6g2pk,274645,307679732256122578091aevmos,86254742785366875477aevmos
180,evmos129x58lcp7a2lfk9zt5n0rjwudustpsj79h7je5,274658,143341931149562929536aevmos,40188085184608542336aevmos
181,evmos1jxyerkhzjl2np3zc98depvz8t6utse62qvlm37,274658,143341931149562929536aevmos,40188085184608542336aevmos
182,evmos1tp7kllmt3vfktr996u9m56lc79qhqs8n30zv0e,274658,232126749735199761796aevmos,65080256120248042876aevmos
183,evmos1v7cq6mdwvvt2szv40z60z0tv9gs5uxe32z6l2a,274658,449270611554601615344aevmos,125959832292607967248aevmos
184,evmos1qta3d9qkelrrhtjcg6gdhdj0f6wc6rzjydyy7u,274658,110259696730566652856aevmos,30912978840878604872aevmos
185,evmos1a3aukjpjrerp49apkdj43lkq2sj8082c7zcc7t,274658,405566514353881781148aevmos,113706725562893757540aevmos
186,evmos1gm262a90gsrgrsc09ydhqs2kwy4ljsyxx2g2vd,274658,143341931149562929536aevmos,40188085184608542336aevmos
187,evmos1rhe9xh8sj44tassuguu9xjy96wzf6etcmuv45g,274659,143341721673380431324aevmos,40188294660791040548aevmos
188,evmos1g7mvhgk2n6tsvp2cyd4km43efve8t8m4zsphcn,274659,262224199996110295312aevmos,73519023586493771504aevmos
189,evmos1uvkmjk9248g68fsudy4dl096yy92686wp6ujuz,274659,143341721673380431324aevmos,40188294660791040548aevmos
190,evmos1sls2xp05wl06w7nlwhtegsfz39afz77y0ugn6c,274659,220563590393489673553aevmos,61838761657777020079aevmos
191,evmos1zy67d3qxl2rp5sfa207nhrtwgdrk0mgke5l2r0,274659,143341721673380431324aevmos,40188294660791040548aevmos
192,evmos1lf3y8r5kf249ywy2tqk0a7uspydz3y9q2dp2vq,274660,136375435481386853696aevmos,38235635421145258688aevmos
193,evmos1yfxuhp67axgzykqztmnm76wpu3tg9a03ap2wn0,274660,108882627941909015414aevmos,30527465969127915402aevmos
194,evmos1nuhwmct0xsc0h9h4pyszeykx9zlmt3nszv4gtm,274660,143341345838545685056aevmos,40188670495625786816aevmos
195,evmos1tf87w3vkyp5jkje0vlnwhzpgqp496t0xp54wva,274660,152705611691035567617aevmos,42814133460115101183aevmos
196,evmos1ep66zk2kkjj8er590ywe3y2h0mk8v27z0gsmx6,274660,146094582964545188301aevmos,40960596690442937395aevmos
197,evmos19l22sh5utp5lhv763anlad09f7nunvyef4ef5z,274662,143340921031234359052aevmos,40189095302937112820aevmos
198,evmos133rad5dl2puwwuuyy9k07w3a6m8k7e8lee6ulg,274662,416469968531289100806aevmos,116767432047321937402aevmos
199,evmos1n9rf0vxhpvpduq833sk7vpxpehcc8vw9yndrns,274662,37211844741052936214aevmos,10433241002898258666aevmos
200,evmos1pcgr0tqs0y8c298h2s8qtn9wd7w5rus4ww8zwc,274662,143340921031234359052aevmos,40189095302937112820aevmos
201,evmos1vq8e4wcjs729804j69234gan2r8u04vuk0xrae,274662,143340921031234359052aevmos,40189095302937112820aevmos
202,evmos1a879j86yewnr8t5wmx7ulztck2gmhc342n8ekr,274662,143340921031234359052aevmos,40189095302937112820aevmos
203,evmos1lh9xzrm0h7jdcqevh25h8fcpqahzxccx2s4lpu,274662,143340921031234359052aevmos,40189095302937112820aevmos
204,evmos1lmn0sz0snxu3vwd8qu9np2408azaxy72ewar30,274662,143340921031234359052aevmos,40189095302937112820aevmos
205,evmos1fkxnfsr6mpxnl78ddg2vq8mkltpddrue5zx3yf,274662,108882305256670115740aevmos,30527788654366815076aevmos
206,evmos1sxm24jf56zhstk6spfd27gjz0urwm8wzyf352n,274662,310220806245114437380aevmos,86977908732860685052aevmos
207,evmos1f4y3wtk3pcdg555yaulujudu7xf7tn7d59jz7k,274664,37211734488285243334aevmos,10433351255665951546aevmos
208,evmos1mvhktdw2elhgqdl84aynvv5yqftmsgc86eptx9,274664,143340496334921200864aevmos,40189519999250271008aevmos
209,evmos1rcx55y9r62ewlj4nhkv05prtmasn94nk9xqqr7,274664,107505372251190900648aevmos,30142139999437703256aevmos
210,evmos17d9fkx2jsfywckuqgft33jmqge4f44l8s3g7xx,274666,35835007901643097443aevmos,10047496181899770525aevmos
211,evmos1t9lla4a6en8a0e3nzk5fz2mupwzztrqyrspzg4,274668,37211505998786960281aevmos,10433579745164234599aevmos
212,evmos1y4qxnj6awmm6hp4px9fud3jt5du4x59u2ud5w7,274668,108881314092725839753aevmos,30528779818311091063aevmos
213,evmos1tqpc08wzsu0ltvrehdxyzcqus7yu5nuvwkzmke,274686,143335831539408865264aevmos,40194184794762606608aevmos
214,evmos1f2x6z9uz5ncrjef6x96l7dy8pdr9eqdl7qlkv0,274686,143335831539408865264aevmos,40194184794762606608aevmos
215,evmos1q6yzfh6rslafeell5u74duj63yhm02jqr044cp,274686,143335831539408865264aevmos,40194184794762606608aevmos
216,evmos13wttcaztu53ztay8mhaqz3hjmsqklpumrh0596,274686,233400265548339418064aevmos,65450022536879117872aevmos
217,evmos1y3evt6w4z27nese62vmpfmnsshvpjrgptacdvu,274686,143335831539408865264aevmos,40194184794762606608aevmos
218,evmos1y4urcz3pw3xfdzxk6gz2pm0d056dvumrzareek,274700,275812924318241309704aevmos,77351285467640522488aevmos
219,evmos1a9wxy8szd3s9hq84rlszen9l5wyk38r28uthuw,274703,184708861151567363740aevmos,51802324830078740836aevmos
220,evmos1h7rp6ztp24pugxw8f84ge04hyr3m8cadz9dmkd,274703,230734131665473050468aevmos,64710292529566427292aevmos
221,evmos1qyhyzjesg0jau9c5es9q87nwqyj7lkqw0ewvcs,274703,230734131665473050468aevmos,64710292529566427292aevmos
222,evmos1jyrf9pnj3gt0krp0ur3faftwy5lxn6cpe67ekl,274769,306876308418303103680aevmos,86103784840095204160aevmos
223,evmos1sls2xp05wl06w7nlwhtegsfz39afz77y0ugn6c,274769,143317727444143977856aevmos,40212288890027494016aevmos
224,evmos135vf4r6yzl3c3ejr26sfag00u525q9twxyflz2,274769,143317727444143977856aevmos,40212288890027494016aevmos
225,evmos1v08tvdnapfd6n7k9trt3gwn2pnn0gx7hxrfmh0,274769,79526149496782978328aevmos,22313558517193892584aevmos
226,evmos19l22sh5utp5lhv763anlad09f7nunvyef4ef5z,274769,143317727444143977856aevmos,40212288890027494016aevmos
227,evmos1sls2xp05wl06w7nlwhtegsfz39afz77y0ugn6c,274770,143317515858992359120aevmos,40212500475179112752aevmos
228,evmos1j94kq8sq5j3kng8s95965hjx4gztpwqcg27ajw,274770,143317515858992359120aevmos,40212500475179112752aevmos
229,evmos1tp7kllmt3vfktr996u9m56lc79qhqs8n30zv0e,274770,143317515858992359120aevmos,40212500475179112752aevmos
230,evmos1sxm24jf56zhstk6spfd27gjz0urwm8wzyf352n,274770,304123075955395006773aevmos,85331853982186647243aevmos
231,evmos184yffun0vy5u9sumrzzu36alp7a0qwr8hhm5qp,274770,419121354691825372569aevmos,117598449663926782055aevmos
232,evmos1uzalnvhjr83dlh5frj3w3dlsskfqjf3r5f5zn2,274770,143317515858992359120aevmos,40212500475179112752aevmos
233,evmos1a5q8qn0fra9kky73r9kgf3sd237z8lgmuj6rym,274770,146447401481648360637aevmos,41090694088387862083aevmos
234,evmos1gjujecvexscnylljplnej7s3vsy553vez33mcn,274784,110701307756887062624aevmos,31064043689576954272aevmos
235,evmos1tp7kllmt3vfktr996u9m56lc79qhqs8n30zv0e,274784,230705766918106329684aevmos,64738657276933148076aevmos
236,evmos1vpsur6a7757vfep8g59nhsxfyvsr47fmt6222f,274784,37204953440518343958aevmos,10440132303432850922aevmos
237,evmos1cv8en9kvmqpw44z87et44ut089rkngy33gj7x5,274801,143310642740439842188aevmos,40219373593731629684aevmos
238,evmos1rjlhgxpsrvayfpax57eljy3rezsk6slfp2d9yq,274801,132459996353165292032aevmos,37174197098545043712aevmos
239,evmos1e4gdhpx75wd62y6krny0wqcdsz64jh83qacvzg,274801,118452104243953099588aevmos,33242956297249608892aevmos
240,evmos1f2x6z9uz5ncrjef6x96l7dy8pdr9eqdl7qlkv0,274802,143310386840144463660aevmos,40219629494027008212aevmos
241,evmos169856nhl3pq4lwfzachee6m4wxd6dvdux55jxf,274802,107482790130108347745aevmos,30164722120520256159aevmos
242,evmos1pe9v33gpyh0ncp40qdn7ylx5dp6p7gqawnu626,274802,143310386840144463660aevmos,40219629494027008212aevmos
243,evmos1v7cq6mdwvvt2szv40z60z0tv9gs5uxe32z6l2a,274802,449171743546686229060aevmos,126058700300523353532aevmos
244,evmos1quwpsy4mjvc4cg228p24qnwxev0ezp29akuryz,274802,87388959059011912868aevmos,24525448801856093020aevmos
245,evmos1yt820uy645nm8azjek6dsscm0njje0z3hrkze3,275000,37192684533567170373aevmos,10452401210384024507aevmos
246,evmos19l22sh5utp5lhv763anlad09f7nunvyef4ef5z,275000,143267115451122140348aevmos,40262900883049331524aevmos
247,evmos169856nhl3pq4lwfzachee6m4wxd6dvdux55jxf,275000,107450336588341605261aevmos,30197175662286998643aevmos
248,evmos1ykzvzvc4xjxshp2a6r86g309rjc88kawm8j9yj,275012,143264547398174452828aevmos,40265468935997019044aevmos
249,evmos1kfcs4z3q89e3jt4jxmpeepkykcypwytsr0ygf9,275012,79496640207447738833aevmos,22343067806529132079aevmos
250,evmos19qywm42rsylu7svdapdmgthd7weehfevmc8jcs,275012,144640428405948906445aevmos,40652169588630892339aevmos
251,evmos1kfcs4z3q89e3jt4jxmpeepkykcypwytsr0ygf9,275012,53724205274315413415aevmos,15099550850998880345aevmos
252,evmos1xjrcn5kq6frzfagduzgew9n729e7lnx94hnyrs,275012,143264547398174452828aevmos,40265468935997019044aevmos
253,evmos1afn4yxapjkl5jzjkv3yhl4ak7k7qdpwg6g7h5q,275012,246738644825091355872aevmos,69347563084831375904aevmos
254,evmos16s2mqenh49d04mczwe9mfjyzrx6tvjr37tsxyz,275012,144640428405948906445aevmos,40652169588630892339aevmos
255,evmos1r5qd30u7a0lyjkdecqsd53dnx8399pgaf2clvw,275013,242617198162711242593aevmos,68189670860444351647aevmos
256,evmos1k3pxej6ha8ad5drrufzwmf8cmt36v6qzt27aaa,275013,143264331582182440236aevmos,40265684751989031636aevmos
257,evmos1dzxfllt8cvjpr922jq56huapm8su8vmvt4hl5c,275013,143264331582182440236aevmos,40265684751989031636aevmos
258,evmos1hcmcf6vl4fq62lk8gv763uuuzkk70628zcdugh,275016,143263539084975148220aevmos,40266477249196323652aevmos
259,evmos192j5l8qleu45vy68sg7shyfws4yggmamz29wu4,275016,83623694672959029553aevmos,23503758322242822863aevmos
260,evmos169856nhl3pq4lwfzachee6m4wxd6dvdux55jxf,275016,107447654313731361165aevmos,30199857936897242739aevmos
261,evmos1zdgvc44fh7pkxne958xk82f06r8cp9gpqmxhc2,275032,143259876386402644872aevmos,40270139947768827000aevmos
262,evmos169856nhl3pq4lwfzachee6m4wxd6dvdux55jxf,275032,107444907289801983654aevmos,30202604960826620250aevmos
263,evmos1pxs8huer2g3cmepmuqpg2vjcmqcf8l04tlqr7z,275032,143259876386402644872aevmos,40270139947768827000aevmos
264,evmos1qaptgsnevrsexknfj4k3dtjwwa8c3rkwng4zjh,275032,107444907289801983654aevmos,30202604960826620250aevmos
265,evmos1v96327gd2szt7zkqf2a404dh9zr5faa573hgqv,275032,199499115627156301077aevmos,56078907146985532651aevmos
266,evmos12s9gvyt04wl8f5pnngnc8k8ce7y9xjts4yqapw,275032,144635712534813769336aevmos,40656885459766029448aevmos
267,evmos1sxm24jf56zhstk6spfd27gjz0urwm8wzyf352n,275032,405334351552570509496aevmos,113938888364205029192aevmos
268,evmos1q8ylgf5tadxqfxkgrc9pmrnfwqrcvqd3yuakcx,275032,181542921727018537853aevmos,51031447526557905539aevmos
269,evmos1v9g9duft5rc0cf6ahqkyj2ezcn4hypwkmtfns7,275032,143259876386402644872aevmos,40270139947768827000aevmos
270,evmos1rvyp2s3s85n6wp0ul7239dzutrwhm39f8zpxtm,275032,144635712534813769336aevmos,40656885459766029448aevmos
271,evmos16l5qxk2t6zw3207tegm3rjyza7enslmt2dmtgy,275032,89798864676989008162aevmos,25242328409801217758aevmos
272,evmos1saan05l9gea54tnkslwnfq9ydjxnu9478du6eu,275034,450387774653384514372aevmos,126605250854233395132aevmos
273,evmos1s9xupqzg3yp4n7u3xsf5rdly9e59ldzx9nfkyg,275034,230617270685185366004aevmos,64827153509854111756aevmos
274,evmos1puet2g4gxvvfplgddm69k5wpsr76t66m7k77hj,275108,143243097847638542240aevmos,40286918486532929632aevmos
275,evmos1mp5kh0vvucyqfu8unldmww630eeg2hev346jms,275109,90099144265994863948aevmos,25340426915689795764aevmos
276,evmos138qmlsawu3v6cxwymjnpf3mu8q7uxj25f0elxx,275123,143239962361976307944aevmos,40290053972195163928aevmos
277,evmos1k3pxej6ha8ad5drrufzwmf8cmt36v6qzt27aaa,275123,143239962361976307944aevmos,40290053972195163928aevmos
278,evmos1rtpx9kp3s9d3995q8uqjyyn3e4d3cwaa04eq2m,275123,143239962361976307944aevmos,40290053972195163928aevmos
279,evmos1nsx0yujss2kzpzagmr7nlvns9empzwc5742e63,275123,144615607260503953540aevmos,40676990734075845244aevmos
280,evmos1frrjugc6kjf5nuw5xxdehm3hx9jmhluqmyx39y,275123,144615607260503953540aevmos,40676990734075845244aevmos
281,evmos1m9qvr42rtun9gftcxd23llx9jynjhuvl02qmqz,275123,132394667480902281803aevmos,37239525970808053941aevmos
282,evmos1wwcgtmvped83tvtwgl2kungypy06kzhsds0t87,275124,144615386761071265549aevmos,40677211233508533235aevmos
283,evmos1v7hpe9yh6qkk4pznxd8s8cazfjkgludyp66lzm,275127,143239115321568535448aevmos,40290901012602936424aevmos
284,evmos1cuyte4zslhkv3xrndfsexcfs5pj6lrk4nwzea7,275130,327560118701163209723aevmos,92139282831706681093aevmos
285,evmos18zfqmtlnewclg8f038qae9zqp5f0wvxlzh8y2w,275130,411265354169595209212aevmos,115684702206635834884aevmos
286,evmos19l22sh5utp5lhv763anlad09f7nunvyef4ef5z,275133,143237863153831963788aevmos,40292153180339508084aevmos
287,evmos17rgkv97a0s5kh7m2cs3dv977f4399e6r40pqm5,275137,243120843434743017410aevmos,68390583756903750718aevmos
288,evmos1xu5wefscwgteyg9cqm9ceqv76mh0adp9lpc3ph,275137,143237032326602313416aevmos,40292984007569158456aevmos
289,evmos1zjnrumrfsyxe4evwe73dqmae96dphn4w8lrkjm,275143,87343443796550088104aevmos,24570964064317917784aevmos
290,evmos1zdgvc44fh7pkxne958xk82f06r8cp9gpqmxhc2,275143,143235745719106162956aevmos,40294270615065308916aevmos
291,evmos1zkmzy30x22naegsqz429m5k9sthwx4ewhkcf0q,275143,143235745719106162956aevmos,40294270615065308916aevmos
292,evmos1a6a672vthz6sweer66d0vxlhtfwz4kxkxc0afx,275143,143235745719106162956aevmos,40294270615065308916aevmos
293,evmos1jrllqkayvcfngzcg62mg9hr9w7p9wzf53tvjnk,275165,107423394634891471329aevmos,30224117615737132575aevmos
294,evmos1themne70n38u3c382cqnh3dtpx3lunpshrhcdc,275165,35807798211630490443aevmos,10074705871912377525aevmos
295,evmos1f2x6z9uz5ncrjef6x96l7dy8pdr9eqdl7qlkv0,275165,143231192846521961772aevmos,40298823487649510100aevmos
296,evmos19y79t2nfxsreczr8r7dt59uchfdw9c77kty69p,275165,143231192846521961772aevmos,40298823487649510100aevmos
297,evmos13uj006ma2leluwz95rhqrq3uc7mxns3xp3zxxk,275180,37182508210668511195aevmos,10462577533282683685aevmos
298,evmos1vhfnqak4lhm9rkcw6rej8peut5hk9mqmgsfyl2,275180,41010334421224934463aevmos,11539668091159230401aevmos
299,evmos1tp7kllmt3vfktr996u9m56lc79qhqs8n30zv0e,275180,230566585344490397316aevmos,64877838850549080444aevmos
300,evmos1gxsp7r749nhqcqz6ngd2565089073hqyfuj2fs,275180,146355844878110766788aevmos,41182250691925455932aevmos
301,evmos1twknknd5nfsgek47yalnljpj7tm3z84e38ljz6,275181,102246556168556555756aevmos,28770922709294417684aevmos
302,evmos1lc98tpfpudlunxzvz0j7fzahjg4d37m5x5hj95,275181,143227547075784224144aevmos,40302469258387247728aevmos
303,evmos1f60nmrq4gnwltf58mf78677tgp5wv5a67kv2en,275181,233317042767473937178aevmos,65652544748382194406aevmos
304,evmos1tp7kllmt3vfktr996u9m56lc79qhqs8n30zv0e,275195,230561076803242773708aevmos,64883347391796704052aevmos
305,evmos1yxdqr9sjanvye3w6mgz47adhjkg7n9df6s7wzl,275195,143224494105831826324aevmos,40305522228339645548aevmos
306,evmos1g7a30esgcr5y925m0h7qfxzj3aune7l56zmevs,275195,145975486795469558971aevmos,41079692859518566725aevmos
307,evmos1dhmk5svxeanqtquu2hkzglxatx6vlaggg4e93s,275199,37181363698760822917aevmos,10463722045190371963aevmos
308,evmos1j0zjekm8zwuxlapngvjwarp42pswkunfejhceq,275199,143223507323138255196aevmos,40306509011033216676aevmos
309,evmos1q9yadw9lelnv5hvr7suxp20w3k8nj3haz3clw6,275199,143223507323138255196aevmos,40306509011033216676aevmos
310,evmos1y9ay5d3wkznjppcz8s7g4n85wflrdjnez0jszq,275199,143223507323138255196aevmos,40306509011033216676aevmos
311,evmos15avn3ahjzv5cpgez88efhzlcpelj2l0a084rn9,275199,143223507323138255196aevmos,40306509011033216676aevmos
312,evmos10fjrcfcz8kr49ta06zwe3xyr8dulk2qyg778se,275199,143223507323138255196aevmos,40306509011033216676aevmos
313,evmos1qu4420huy2h8mjdpusmsm27ktwtvduywccul86,275214,110166206732402346404aevmos,31006468839042911324aevmos
314,evmos1q9yadw9lelnv5hvr7suxp20w3k8nj3haz3clw6,275214,143220390484411383832aevmos,40309625849760088040aevmos
315,evmos1frrjugc6kjf5nuw5xxdehm3hx9jmhluqmyx39y,275214,143220390484411383832aevmos,40309625849760088040aevmos
316,evmos1uzalnvhjr83dlh5frj3w3dlsskfqjf3r5f5zn2,275224,143218309975980558680aevmos,40311706358190913192aevmos
317,evmos1zzp8yh5axtkva39pyq22l5f879ednn0tmkhym2,275227,801197000170493351857aevmos,225517637242653722191aevmos
318,evmos1kg7qqx0fu7ywn7j8302w3f60qle7e2d55rr39v,275234,143216256928262839408aevmos,40313759405908632464aevmos
319,evmos1zj70nytd5y5jvt76t34gx3xpp8sq9mzahd7mhk,275236,143215835326486389248aevmos,40314181007685082624aevmos
320,evmos13wlglexa5gm034k4xl86y6kcelyst0k8v2n7pj,275236,143215835326486389248aevmos,40314181007685082624aevmos
321,evmos1r6lm40evf9l63lsajcede6342av9j48df4qjrl,275236,143215835326486389248aevmos,40314181007685082624aevmos
322,evmos1st4ykksnvg0rpfrhv27zudy5xzzf083984kpxy,275239,648668936419765215031aevmos,182599947409056447689aevmos
323,evmos1t00lvqdkeesl9q347e7rk3npul9xc4kvwqwpg6,275258,309399846456247117673aevmos,87106866297478953111aevmos
324,evmos1793y06hvw5tnyr9rzgtpjupvzxgrnm09yj0ap8,275258,405196319586341059532aevmos,114076920330434479156aevmos
325,evmos1achgq6e2mdyva049enpukrwpzrp2r3mgk5m5wa,275258,145961826124355272192aevmos,41093353530632853504aevmos
326,evmos126rxxdtne6k2s3rzrkh3q2svthgmzqs467hv8f,275258,143211090877985556204aevmos,40318925456185915668aevmos
327,evmos1ql0wlzkh6z2mgh0y52eeef7elz486spzasj08m,275258,143211090877985556204aevmos,40318925456185915668aevmos
328,evmos128n5tdfndhkwg6ye2sl2qzq6p30phptf7p57mk,275258,107408318158489167153aevmos,30239194092139436751aevmos
329,evmos1vhfnqak4lhm9rkcw6rej8peut5hk9mqmgsfyl2,275277,35801780771724232803aevmos,10080723311818635165aevmos
330,evmos16rz69rau9lgvt22rncus8uy9vgprd5vd3pqes0,275294,144578719704081791838aevmos,40713878290498006946aevmos
331,evmos1frrjugc6kjf5nuw5xxdehm3hx9jmhluqmyx39y,275294,143203425695612090604aevmos,40326590638559381268aevmos
332,evmos1sxm24jf56zhstk6spfd27gjz0urwm8wzyf352n,275294,405174631994495728544aevmos,114098607922279810144aevmos
333,evmos1dmk9gufp4y2jqjdul43tvnkuza2e83f9w27t32,275297,37175985673814726266aevmos,10469100070136468614aevmos
334,evmos1dex7qccrvvjxdtpjfnyf4n858cwf672ey7g5gf,275310,321969279888381395311aevmos,90677297148751069841aevmos
335,evmos1s9xupqzg3yp4n7u3xsf5rdly9e59ldzx9nfkyg,275325,143196823173752440596aevmos,40333193160419031276aevmos
336,evmos12w030s0jhees57rhwledyvm8zcp6q9rjkkld8d,275334,143194960684598660980aevmos,40335055649572810892aevmos
337,evmos1awhw56k8szfdp74476k6a4vvrwd3zlc5nx65xp,275334,230513534255135249296aevmos,64930889939904228464aevmos
338,evmos10fjrcfcz8kr49ta06zwe3xyr8dulk2qyg778se,275335,143194746386967502536aevmos,40335269947203969336aevmos
339,evmos1q5c06jlmkg48jcrgxu8lumvkx539z3sakh5sqp,275335,108771270444535896690aevmos,30638823466501034126aevmos
340,evmos1lc98tpfpudlunxzvz0j7fzahjg4d37m5x5hj95,275335,143194746386967502536aevmos,40335269947203969336aevmos
341,evmos1ha8wezklwmuyf2ntq7rzgw4ngmu5uynszmeljl,275335,174636885788810738916aevmos,49191929932925272860aevmos
342,evmos1fnh49p564j7m99tffty0n0ysqlkmu8g4rgu20h,275335,143194746386967502536aevmos,40335269947203969336aevmos
343,evmos1xxfz5dugp4prhc7hwas28ze0rn8ved3s5dr0rz,275337,143194298614540063700aevmos,40335717719631408172aevmos
344,evmos1lqqlk2d7w3a5tvz2r8kwn34hgqvaw9v7nulvvz,275337,143194298614540063700aevmos,40335717719631408172aevmos
345,evmos1cx3c55jrvq92pq7xvhhu8f6mr2eax3wr6vmjxx,275337,79457659577703572019aevmos,22382048436273298893aevmos
346,evmos150g7m72at9j6gf3q9g5mzgyu8k2ujtejcfgszq,275339,144569086409617875927aevmos,40723511584961922857aevmos
347,evmos1cx3c55jrvq92pq7xvhhu8f6mr2eax3wr6vmjxx,275339,35798471009281163217aevmos,10084033074261704751aevmos
348,evmos1frrjugc6kjf5nuw5xxdehm3hx9jmhluqmyx39y,275344,143192835433096086788aevmos,40337180901075385084aevmos
349,evmos1jk5503jv2e2gnctxxtns40pt78f8cgklwrztsf,275344,107394626574822065091aevmos,30252885675806538813aevmos
350,evmos1mz2ty5ge7wdw5kxhscefvx0s74j2nxj6z3gcqk,275345,143192632091458126540aevmos,40337384242713345332aevmos
351,evmos1sxm24jf56zhstk6spfd27gjz0urwm8wzyf352n,275345,405144092958367693700aevmos,114129146958407844988aevmos
352,evmos1tenc3tsf8xtug45evmzgeemfte0f2hmstfsn23,275345,143192632091458126540aevmos,40337384242713345332aevmos
353,evmos18y3ct6zd2gun5s54q8s3fa4c09jq7ghdpwy6x3,275347,146323641667605148825aevmos,41219941145780707175aevmos
354,evmos1wgw48ejxtg07z0hr5y69c7cxp25kt3v3agfpue,275355,129948546229628738840aevmos,36609035840577707496aevmos
355,evmos1gg0a7tz988yrflxsym0r8mgpwhycgqademlc3e,275355,108768023696687972687aevmos,30642070214348958129aevmos
356,evmos18z69qxm5m9jntv09jkvhv3znwth254dwqxw7ex,275355,282018183192459658971aevmos,79450013684211278885aevmos
357,evmos1s0pyw25qul7xg7q43ld9yelnqqhlasal3lwkf6,275355,110143193301903071698aevmos,31029482269542186030aevmos
358,evmos1hzr5m28l56kr7rmvns9w8yjgn9rvhtvzlujhc2,275356,205622859685214594973aevmos,57928361408890533987aevmos
359,evmos1ajvx3aupmuap4kjelajaaqcxkvuqwf4uq0mged,275361,143189226876240789008aevmos,40340789457930682864aevmos
360,evmos1sxm24jf56zhstk6spfd27gjz0urwm8wzyf352n,275363,405133275956081556932aevmos,114139963960693981756aevmos
361,evmos1q6mp6d08t25lzgtc85vxvxge4n025ar6x2jrfh,275373,151824352033136069846aevmos,42776945986339965738aevmos
362,evmos1kg7qqx0fu7ywn7j8302w3f60qle7e2d55rr39v,275393,143182530941210655584aevmos,40347485392960816288aevmos
363,evmos1gg0a7tz988yrflxsym0r8mgpwhycgqademlc3e,275393,107386898205907991688aevmos,30260614044720612216aevmos
364,evmos1zslga237pa4h5ey65s9rhz8xd08hclrjp3g7h2,275396,144556990959258517175aevmos,40735607035321281609aevmos
365,evmos1uzch57mxp8agg8t5884xckh797c8lzavvvqv0h,275411,317796249587533488752aevmos,89562582468373994896aevmos
366,evmos1khtn9475jnv3t0zwmnvtvndh2mfvj88ul8h82f,275412,407854039533763276889aevmos,114944363703828915623aevmos
367,evmos1d5vftm26wmn0rzd6zfwh2uw4w2d5ssssl2jpus,275428,143174901446902691664aevmos,40355114887268780208aevmos
368,evmos1s6q9aks4c4mgwms7lepenfnmrqg2g6xl4t46cp,275449,143170557398741151296aevmos,40359458935430320576aevmos
369,evmos1fnh49p564j7m99tffty0n0ysqlkmu8g4rgu20h,275449,143170557398741151296aevmos,40359458935430320576aevmos
370,evmos173rs7fs74uzwf9pg63w27ttxm6pczrejdmlvrs,275482,143163612435656882936aevmos,40366403898514588936aevmos
371,evmos12353r23r2ydekq3afnazm9ac9ax5ywn35pfjtg,275482,145913435737120966693aevmos,41141743917867159003aevmos
372,evmos1fnh49p564j7m99tffty0n0ysqlkmu8g4rgu20h,275487,143162584783779705080aevmos,40367431550391766792aevmos
373,evmos1nvdc5gwryumhzt9y6qqvvepfkn4hpch4dnhdpk,275487,154112756157757229587aevmos,43455042004419969261aevmos
374,evmos1vsz4u0m66x8nh96k7yerqx24m4434ce65yhe53,275542,143150849717322863080aevmos,40379166616848608792aevmos
375,evmos1lhgkz7fchtfe0ul2w49w9tf7z4lnlxggfxxn0l,275542,108737926368401787315aevmos,30672167542635143501aevmos
376,evmos1lqqlk2d7w3a5tvz2r8kwn34hgqvaw9v7nulvvz,275543,143150641929382747820aevmos,40379374404788724052aevmos
377,evmos1cpe78kcjmrm8cgeh2v03nwdz7xsqx395sdrl9u,275558,143147341589695204552aevmos,40382674744476267320aevmos
378,evmos1ur9c6fn0c87scsrepccdd8gcnnp4a3r04zwafs,275562,143146518131530092876aevmos,40383498202641378996aevmos
379,evmos1zjnrumrfsyxe4evwe73dqmae96dphn4w8lrkjm,275562,710525238360198313828aevmos,200448429069615270044aevmos
380,evmos1strnmq6khv32gw44aaxhdfl87hh2aqr4pguptm,275562,143146518131530092876aevmos,40383498202641378996aevmos
381,evmos1fnh49p564j7m99tffty0n0ysqlkmu8g4rgu20h,275612,143136057068194387108aevmos,40393959265977084764aevmos
382,evmos167fgyvkmu6fnn50m5ensx45qm4svms3pw4lth4,275648,37156713702950424295aevmos,10488372041000770585aevmos
383,evmos15hl29ssdlks3peaq69m6mw4sst25ppmjngq2r5,279921,142215838392617224760aevmos,41314177941554247112aevmos
384,evmos1gg6mtrf64nz9qxxcnhhcn76mw8pws477329cl4,280084,106636036137093151788aevmos,31011476113535452116aevmos
385,evmos1kc9u7s95llu5h6gelqe2valsvtnw36xyn2rws4,280909,142002388588743616908aevmos,41527627745427854964aevmos
386,evmos1y9h852huwgr22c93elmnts2g4gsa7l4enhd037,281206,143302810935143580406aevmos,41989787059436218378aevmos
387,evmos1rqrnzelq4v2fevwcm40z7n02uu90yukxsl9kgp,281347,35477413528791821828aevmos,10405090554751046140aevmos
388,evmos1rqrnzelq4v2fevwcm40z7n02uu90yukxsl9kgp,281410,35474046363093029914aevmos,10408457720449838054aevmos
389,evmos1rqrnzelq4v2fevwcm40z7n02uu90yukxsl9kgp,281444,35472213086749678702aevmos,10410290996793189266aevmos
390,evmos1jlvrmse76n6j5a8dhceh74suhluqw2ufsc9h2j,281459,35471436302274637867aevmos,10411067781268230101aevmos
391,evmos19ljm8e0puu4x4tavgs8wdgaqmd3lmqu3wu0c2p,281505,228390473399224780244aevmos,67053950795814697516aevmos
392,evmos1dmkxxh9mecm6cq0zmzlhsw4x20wxuynn50v5pd,281569,141862484797655409612aevmos,41667531536516062260aevmos
393,evmos1z8hc706hklp2x9ayyzz5emxa32y0djmyc3hnnx,282484,141667161350054284372aevmos,41862854984117187500aevmos
394,evmos102rm7rsqqvzsys5z56k27n8dwwt3k4q5lsctue,282563,35412591894930101182aevmos,10469912188612766786aevmos
395,evmos102rm7rsqqvzsys5z56k27n8dwwt3k4q5lsctue,282572,35412125037798583894aevmos,10470379045744284074aevmos
396,evmos102rm7rsqqvzsys5z56k27n8dwwt3k4q5lsctue,282656,35407661833330741793aevmos,10474842250212126175aevmos
397,evmos102rm7rsqqvzsys5z56k27n8dwwt3k4q5lsctue,282682,35406241732785535872aevmos,10476262350757332096aevmos
398,evmos102rm7rsqqvzsys5z56k27n8dwwt3k4q5lsctue,282703,35405156399912854361aevmos,10477347683630013607aevmos
399,evmos102rm7rsqqvzsys5z56k27n8dwwt3k4q5lsctue,282707,35404906774511504590aevmos,10477597309031363378aevmos
400,evmos102rm7rsqqvzsys5z56k27n8dwwt3k4q5lsctue,282733,35403538385463535120aevmos,10478965698079332848aevmos
401,evmos102rm7rsqqvzsys5z56k27n8dwwt3k4q5lsctue,282752,35402511045060479712aevmos,10479993038482388256aevmos
402,evmos102rm7rsqqvzsys5z56k27n8dwwt3k4q5lsctue,282754,35402397194691749694aevmos,10480106888851118274aevmos
403,evmos102rm7rsqqvzsys5z56k27n8dwwt3k4q5lsctue,282800,35399920434927570486aevmos,10482583648615297482aevmos
404,evmos102rm7rsqqvzsys5z56k27n8dwwt3k4q5lsctue,282808,35399495374461262926aevmos,10483008709081605042aevmos
405,evmos102rm7rsqqvzsys5z56k27n8dwwt3k4q5lsctue,282845,35397508878633249959aevmos,10484995204909618009aevmos
406,evmos102rm7rsqqvzsys5z56k27n8dwwt3k4q5lsctue,282855,35396986203956946070aevmos,10485517879585921898aevmos
407,evmos102rm7rsqqvzsys5z56k27n8dwwt3k4q5lsctue,282873,35395974479279110623aevmos,10486529604263757345aevmos
408,evmos1tt40z4gle9v37c2j8g30tfx5u653k2vrfudv3t,282894,141579518738074598932aevmos,41950497596096872940aevmos
409,evmos1f5uuyjvl4j8tkfxnk6u29jtjnlcjajzsl46zmz,281938,141784830493728895392aevmos,41745185840442576480aevmos
410,evmos1xurdwds9453lf7m3kueupdw04f30qlf7l0u5f4,282304,35426608970832681524aevmos,10455895112710186444aevmos
411,evmos102rm7rsqqvzsys5z56k27n8dwwt3k4q5lsctue,282919,35393546846691888074aevmos,10488957236850979894aevmos
412,evmos102rm7rsqqvzsys5z56k27n8dwwt3k4q5lsctue,282961,35391338360871805165aevmos,10491165722671062803aevmos
413,evmos102rm7rsqqvzsys5z56k27n8dwwt3k4q5lsctue,282976,35390517303953029401aevmos,10491986779589838567aevmos
414,evmos102rm7rsqqvzsys5z56k27n8dwwt3k4q5lsctue,282993,35389628897612268073aevmos,10492875185930599895aevmos
415,evmos102rm7rsqqvzsys5z56k27n8dwwt3k4q5lsctue,283005,35389008380890516921aevmos,10493495702652351047aevmos
416,evmos102rm7rsqqvzsys5z56k27n8dwwt3k4q5lsctue,283017,35388387835448504377aevmos,10494116248094363591aevmos
417,evmos102rm7rsqqvzsys5z56k27n8dwwt3k4q5lsctue,283051,35386629235530166379aevmos,10495874848012701589aevmos
418,evmos102rm7rsqqvzsys5z56k27n8dwwt3k4q5lsctue,283056,35386366623178623901aevmos,10496137460364244067aevmos
419,evmos102rm7rsqqvzsys5z56k27n8dwwt3k4q5lsctue,283074,35385391261336380751aevmos,10497112822206487217aevmos
420,evmos102rm7rsqqvzsys5z56k27n8dwwt3k4q5lsctue,283108,35383590233413152595aevmos,10498913850129715373aevmos
421,evmos102rm7rsqqvzsys5z56k27n8dwwt3k4q5lsctue,283294,141494622916313286320aevmos,42035393417858185552aevmos
422,evmos102rm7rsqqvzsys5z56k27n8dwwt3k4q5lsctue,283313,141490576456961085244aevmos,42039439877210386628aevmos
423,evmos102rm7rsqqvzsys5z56k27n8dwwt3k4q5lsctue,283314,141490299200629752816aevmos,42039717133541719056aevmos
424,evmos102rm7rsqqvzsys5z56k27n8dwwt3k4q5lsctue,283354,141481804270347792896aevmos,42048212063823678976aevmos
425,evmos102rm7rsqqvzsys5z56k27n8dwwt3k4q5lsctue,283363,141479936571767430240aevmos,42050079762404041632aevmos
426,evmos102rm7rsqqvzsys5z56k27n8dwwt3k4q5lsctue,283482,141454487244606171588aevmos,42075529089565300284aevmos
427,evmos102rm7rsqqvzsys5z56k27n8dwwt3k4q5lsctue,283513,141448022858726459916aevmos,42081993475445011956aevmos
428,evmos102rm7rsqqvzsys5z56k27n8dwwt3k4q5lsctue,283529,141444669392656777056aevmos,42085346941514694816aevmos
429,evmos102rm7rsqqvzsys5z56k27n8dwwt3k4q5lsctue,283558,141438671368310812328aevmos,42091344965860659544aevmos
430,evmos102rm7rsqqvzsys5z56k27n8dwwt3k4q5lsctue,283559,141438464510812898880aevmos,42091551823358572992aevmos
431,evmos10f3xehy5fls7wz2xp73ku3l02z9cj42x4rkzmg,284839,141162065706239696072aevmos,42367950627931775800aevmos
432,evmos12x807s9qrh5clxcw2pk2ar457jxkn93j9ydrnq,284898,236323976605424232615aevmos,70957729096914707033aevmos
433,evmos1y2thf9zep9zs4656uemz2qqjj682tjfurh4cla,285008,36636561085465942652aevmos,11008524658485252228aevmos
434,evmos14sdcpcr0juy8n0ac72ujkk2yykflxv4kzlh5tk,285722,177073624730685890521aevmos,53459263421544322087aevmos
435,evmos1hq290e389kam9dtaclapwygn2hupqgkh4966xu,286147,36572664884869812059aevmos,11072420859081382821aevmos
436,evmos167hkzx5df87ex5gc3cn2czq40yp86vjdqr5qum,286290,140847798793412085052aevmos,42682217540759386820aevmos
437,evmos1xhm44hxd60rqqpeu0q00dk5vdhknp5ck2ayhu9,286616,142129256847487685254aevmos,43163341147092113530aevmos
438,evmos135v7mrj02qd9f9uu4lwepngdmh3nxeez8eah6l,286670,142117815365793489766aevmos,43174782628786309018aevmos
439,evmos1wlc9f458xkrls680z2a0g6eyljm3t3targ7l27,287438,141949230110305351382aevmos,43343367884274447402aevmos
440,evmos1h30m58l0pwnfusqum7t3jlt45huan4xxfvwhjf,287028,145602487402611101784aevmos,44339090074287377064aevmos
441,evmos15t7f2um4evq78e047dqshq5xh3htcvx6gm6u03,287207,99486405675036887946aevmos,30331904304156996726aevmos
442,evmos1s2vl6z6kck253l7kfeplpdap43wpq66e87wvks,287275,141984701926601848804aevmos,43307896067977949980aevmos
443,evmos1jskfjwtqmfcfrnnuretjwgq3wt9l8xatxtjxj5,1027958,137497839951030079104aevmos,149672299598524800aevmos
444,evmos1qwtuutzzndv563utvmzjfvpvdrwugs2w35r2xz,1028366,54957869583154264161aevmos,84896006021343135aevmos
445,evmos1yfawr5eqk680qg50vutce8kx56ex806hpfu9x2,1027004,183526723582161853616aevmos,3292752009618256aevmos
446,evmos1p5zgph5jsah4tuyx9uexsxznwhus0n8dysqgu8,1028722,45793454542303483886aevmos,89049541239384082aevmos
447,evmos10semalj8uz9fr3ex2v6060kg65l0p8fr9u8mpv,1030024,256679092464663549473aevmos,875700415883277791aevmos
448,evmos1fcqfk97aeqeng7p07ry34zygqu2lmwsy9fpwjw,1034869,152553574936234282803aevmos,1357483401982279373aevmos
449,evmos1mxpswt5mqtkrlvd9g9z06a656ljhz2s4tvjgcy,1035842,177269910736853654741aevmos,1774559762703960363aevmos
450,evmos134zdddyda004fae9tvva9s9rp9tgm8uwtl0aeh,1037182,60495617542493391838aevmos,698255058261278754aevmos
451,evmos1jhe40w5dussfpkhcjtrj0w98zmalgx9qu6p0az,1039238,135761235260217749799aevmos,1886276990410854105aevmos
452,evmos1ajzzqm5uykrek4nl885xnuxu66pn7f7tma3esq,1039884,102107568364117877842aevmos,1494721310267319982aevmos
453,evmos1huqctyey9n45n9leh8zazxqjz9r3rcnll8qkdt,1076877,179636996747351198321aevmos,5655601247228600463aevmos
454,evmos12ak5mlvv07n8k6s5yj448rhw4wzw7xsqw7lfdz,1076915,386041292866747288816aevmos,12159786817813358864aevmos
455,evmos103jy4vjwhe4vwljpa2xze7gvnkzjna8ua4rdav,1078480,460371378206456297368aevmos,14781939287184651112aevmos
456,evmos1j9fs9n4q82ru6p65389kmka0hps0hj9va8jfkn,1080004,55033915120461943154aevmos,1799975031340079502aevmos
457,evmos1vsjfsq3746l6kesc737whuavnn8s33yt6vqwdl,1080104,340259453052289857856aevmos,11142175073183647424aevmos
458,evmos1s4743p8ugt82v34avtxgf7qx46u69tn0m25g9k,1081755,198802577078017863189aevmos,6641175261029281003aevmos
459,evmos15375jc76ntqt5znlqcma3uj56j96tmwvkhemml,1082087,47428286425947844019aevmos,1590571846063288397aevmos
460,evmos1wa7tgv6xkmrsp3la5qp6lwg5p8m9nvnj2s5rug,1082535,46091334262862950199aevmos,1553751481088244681aevmos
461,evmos1wa7tgv6xkmrsp3la5qp6lwg5p8m9nvnj2s5rug,1082726,44383080346864999842aevmos,1499423736677868126aevmos
462,evmos1a0grjmldzm3ueu4wyua4qgjdn6tq0y9ktfu9ke,1084727,177398025771343078624aevmos,6131990562828393248aevmos
463,evmos10fav7gjpc2ec3d4haw9m578kzhm0wuajercpkn,1085892,288854327008526725877aevmos,10115260507329405707aevmos
464,evmos1u0eecft6rty5mpy02awynadye4d5zwnlxcwhvf,1089348,502750177227928497604aevmos,18285644349255367996aevmos
465,evmos164u42nz908nxta6f9tge7arh5lqy0vywfptsxs,1092390,47340947386176940251aevmos,1782197773846002469aevmos
466,evmos164u42nz908nxta6f9tge7arh5lqy0vywfptsxs,1092448,44216900325619895764aevmos,1665603757922972204aevmos
467,evmos1hsmjtc5k5keefysslqt742h2c4x3ylfmspw396,1094571,174716046097040826376aevmos,6738173571920546552aevmos
468,evmos1ejnwdak8phw5ya3k2ylkcht2ktzl0srt7dfqv4,1095000,242414620115152961688aevmos,9392797571800088424aevmos
469,evmos1zr0vmsrw7njfw4l7h0nf9l89g78rsx7vvyg8w3,1103088,69055498205542818003aevmos,2891667820960679213aevmos
470,evmos1yz7m66uuejuqaxjy6pg42alggy0cc0l30a8yey,1110892,51370092759841241531aevmos,2306744024403256645aevmos
471,evmos1nwnun0xk5vq6ksr7l38cuhfta6e4vzprhp0s2f,1111120,43906980394054199329aevmos,1975523689488668639aevmos
472,evmos1jyse6h7y2s9uax2qxcsh4hnhj3w6t4hkartvzc,1112100,47706476034161133125aevmos,2164855453472499131aevmos
473,evmos1skmexl2w2rr6j06353ztk7448xen355amxq9j8,1112659,131645034525526037928aevmos,6002477725102565976aevmos
474,evmos1lqv6ug8y3g2qakdlq9yn5zc3wn598wfh2w34je,1119484,557293205528736642880aevmos,26900142475372553920aevmos
475,evmos1lqv6ug8y3g2qakdlq9yn5zc3wn598wfh2w34je,1120185,175033313499751565000aevmos,8496702834419906872aevmos
476,evmos1lqv6ug8y3g2qakdlq9yn5zc3wn598wfh2w34je,1120247,175029281387591061576aevmos,8500734946580410296aevmos
477,evmos1lqv6ug8y3g2qakdlq9yn5zc3wn598wfh2w34je,1120309,175025305208226256208aevmos,8504711125945215664aevmos
478,evmos1lqv6ug8y3g2qakdlq9yn5zc3wn598wfh2w34je,1120370,175021149890082601944aevmos,8508866444088869928aevmos
479,evmos1lqv6ug8y3g2qakdlq9yn5zc3wn598wfh2w34je,1120405,175018859237017343440aevmos,8511157097154128432aevmos
480,evmos1lqv6ug8y3g2qakdlq9yn5zc3wn598wfh2w34je,1120474,175014425359661000644aevmos,8515590974510471228aevmos
481,evmos1sc5z2y6cr3fft26327rkua58lssdagr36k3h23,1121716,74117058789651141264aevmos,3642149807261309040aevmos
482,evmos1arsnmpa2zqvawggdrvr7vd7yly9ajd8x2zftjw,1121893,62157629015039175164aevmos,3058770821451991556aevmos
483,evmos15u6vuepw9gs043cgkrv4r0mpge92wgj3gj5n23,1121222,84916711999000777336aevmos,4156667742869940360aevmos
484,evmos1unvl4a7jrlky8ekhm4xjwrye0uj33fxtx03mcz,1122018,65790944360642482148aevmos,3240740891703937564aevmos
485,evmos1p2eum98826u9vdnpjnjypasw49lv5tpjq72c7e,1122135,61941594090433993186aevmos,3053993121536752926aevmos
486,evmos15u6vuepw9gs043cgkrv4r0mpge92wgj3gj5n23,1122225,174900207390682862544aevmos,8629808943488609328aevmos
487,evmos15u6vuepw9gs043cgkrv4r0mpge92wgj3gj5n23,1122266,174897583323629625992aevmos,8632433010541845880aevmos
488,evmos15u6vuepw9gs043cgkrv4r0mpge92wgj3gj5n23,1122283,174896288187960442700aevmos,8633728146211029172aevmos
489,evmos15u6vuepw9gs043cgkrv4r0mpge92wgj3gj5n23,1122300,174895151364213961156aevmos,8634864969957510716aevmos
490,evmos1w4q82r84tvlf2yj7uuq9pr049yvexu8w8rajaa,1122307,65553803637399063764aevmos,3236677959896261420aevmos
491,evmos15u6vuepw9gs043cgkrv4r0mpge92wgj3gj5n23,1122313,174894311059942648364aevmos,8635705274228823508aevmos
492,evmos13pyejg2v2cy3s5mktww5xg703wul0e5ehz72z6,1122521,163691442344245523507aevmos,8096482744866592461aevmos
493,evmos1nrl5adjdl7tpsxpqph3kss0w5se2mglxvvfqxh,1123031,537829597728078799340aevmos,26709139293574426132aevmos
494,evmos1v7g0dpv2vda897fu463kx996uk6hrkkah0x6as,1123213,174835066677817088316aevmos,8694949656354383556aevmos
495,evmos16dync9juk3dde8hh8j00tvhr7u0aa2v38lgd89,1123227,26744827585993878846aevmos,1330225052905823938aevmos
496,evmos1ktmp9x6t973qvxald5fkhmspdfndsg0m9d9u82,1123565,174812158264179247544aevmos,8717858069992224328aevmos
497,evmos1cznw76m20m8gtea5rmecdxut8lwsd8ej4d2nsr,1123680,331170632020099685148aevmos,16531145343367811812aevmos
498,evmos15dgydvkjnk6tfywdd30t747hqa804uxdr2f9cn,1123762,334684117496902409332aevmos,16717510628571095948aevmos
499,evmos1fdhl92ng038ujrmleu7zvmwzcaqq4me3nc08tg,1126519,106480457121958093516aevmos,5433950738909912372aevmos
500,evmos15mdwvx57ck5fd6cvlx5uqj96k7rfa6cud2vlxu,1126634,28295873846660785680aevmos,1445309778964542704aevmos
501,evmos1anq8yu2rvhhzl0fwjrr49sr6j4jp5hlxpzn7ha,1127353,132670904078528494974aevmos,6814066376451007874aevmos
502,evmos1w4q82r84tvlf2yj7uuq9pr049yvexu8w8rajaa,1128801,130852500385882387116aevmos,6795011864746216788aevmos
503,evmos1gjfmkum4gsjrpt7v6vnn85j2cu39jkhxagn3r7,1129548,174421576586787828820aevmos,9108439747383643052aevmos
504,evmos1v7kjxypzetst48vdw20027p5qj3hejqa656ee6,1130154,115991848903186601094aevmos,6084804301562605434aevmos
505,evmos1eq7tet7v062p2d3pqquq2k88gr5j8h339gmerl,1132380,207279532133945422070aevmos,11058266657219404554aevmos
506,evmos1d0wc46r40wyq9xcrds2nsn2ej3dc6runm3wrr5,1133858,333417930542808566100aevmos,17983697582664939180aevmos
507,evmos1d9nqpky9txkpcr5yme3q3u79dzheu6jg3vj6dj,1134107,651918287080877340812aevmos,35226564627200198516aevmos
508,evmos1p3m4whhrttnf59qhnqx8h8jkm5unctumhhmmcd,1135393,174037148230199748320aevmos,9492868103971723552aevmos
509,evmos18k8t4596x5c4df2al4y228m2sq6cu6uv4qeqqz,1135792,174011057884157407392aevmos,9518958450014064480aevmos
510,evmos1sjksylqxdv84edlz6cw0rcwxkctd7x7jae3uny,1137018,173927765275854199464aevmos,9602251058317272408aevmos
511,evmos1xrha5ctdh57apzfmh63ghul7g5daex4hr46zdv,1137586,140853701818473502252aevmos,7808292591948473812aevmos
512,evmos1fzk88hg6w7zxr49lz5cshe65nxk6rkx0sukmnv,1137674,88612150134844201762aevmos,4915439692649861086aevmos
513,evmos13f7f74wt2xh2qfs6mjm4r5tm8dzr703t4nfctm,1139075,173791693564391020712aevmos,9738322769780451160aevmos
514,evmos193nfw9470nt59gpvugk6p96v0jjwhndu7u8ns4,1139946,80663014515113967027aevmos,4547792435351932493aevmos
515,evmos1rqqg5h8k35ag5z6c20gu0j3pmfevq45hyl4llr,1139959,171336773453976804663aevmos,9660910529326999753aevmos
516,evmos1rqqg5h8k35ag5z6c20gu0j3pmfevq45hyl4llr,1140143,136122186143758215183aevmos,7685424818044180465aevmos
517,evmos1d42rxswyyewrfp6vlnnc6mehf4vd7tchegh6ng,1140924,279567942825042625556aevmos,15876481369996852204aevmos
518,evmos174uywk63l8mhkfppcvsafsx4xz2z54zge0p7r6,1142236,46729620540968134425aevmos,2678046863391387367aevmos
519,evmos1sxy9fvmrhyrer20tc20zl8rlzp27ukjdn6raju,1143512,490891053937291405628aevmos,28382185979484133060aevmos
520,evmos155ctysazpj6fx9eg36jnphy2qwcvpmtrq90j3q,1153047,28009781955094001616aevmos,1731401670531326768aevmos
521,evmos1aguuhqac26vjwjedrtqscnpn6w8ygpxuutdwqf,1153898,26340816660669368635aevmos,1637785304547632837aevmos
522,evmos1aguuhqac26vjwjedrtqscnpn6w8ygpxuutdwqf,1153979,26339951687004119793aevmos,1638650278212881679aevmos
523,evmos1vywx8e3r9wx39zsk99jzafln4jdm6v2dc9xvtg,1154106,210708959449463145240aevmos,13119856272272866536aevmos
524,evmos1yz98p3c269e8v39wujs03z0lkjxqwr4pykvyzn,1154336,54331400960049507981aevmos,3388384630792821875aevmos
525,evmos1yz98p3c269e8v39wujs03z0lkjxqwr4pykvyzn,1154691,52664765708632919231aevmos,3292438221801083713aevmos
526,evmos1dnxhcglxenvu2fvwmk5lefsazg2du43zcczme4,1157714,103498319224754034292aevmos,6604487265807873932aevmos
527,evmos1jnnskah2wz0r8uh5rv6mure0rk2vu7v6nvlxjv,1158567,49165682118130682956aevmos,3155361214609665716aevmos
528,evmos1a8sd7cd38wte2wvdpcn8nlp7ff370s6eyr0lwj,1158701,53120593992587508288aevmos,3412223290761015744aevmos
529,evmos1vhsan8sylxnvlm7uvr0asy94s2ke6yvfnx5ksq,1158939,29599410547407462426aevmos,1904354738626192870aevmos
530,evmos1czvsrrchm72mcg4kpcn9u3jreyc8a2ggdu4ha5,1159339,48941138906384414247aevmos,3157140070165031385aevmos
531,evmos1ve0v0srtck6gedgvy5977m393l63n2zvcqxgu0,1160085,172356211133185498336aevmos,11173805200985973536aevmos
532,evmos169enfyx3xcmnvjvvlmt22ythxu7za7e4mxjkgk,1160186,172349242447796313024aevmos,11180773886375158848aevmos
533,evmos169enfyx3xcmnvjvvlmt22ythxu7za7e4mxjkgk,1160247,172344885500631312196aevmos,11185130833540159676aevmos
534,evmos169enfyx3xcmnvjvvlmt22ythxu7za7e4mxjkgk,1160284,172342307683475972760aevmos,11187708650695499112aevmos
535,evmos169enfyx3xcmnvjvvlmt22ythxu7za7e4mxjkgk,1160316,172340034209944647672aevmos,11189982124226824200aevmos
536,evmos169enfyx3xcmnvjvvlmt22ythxu7za7e4mxjkgk,1160355,172337307292625259928aevmos,11192709041546211944aevmos
537,evmos169enfyx3xcmnvjvvlmt22ythxu7za7e4mxjkgk,1160439,172331352915372096236aevmos,11198663418799375636aevmos
538,evmos1c956g42xglljs4j73gzducp249jmctymm4fvc7,1162097,172215596486949553048aevmos,11314419847221918824aevmos
539,evmos19jrmmahar75gl37jmauvnv0lmzhm7kdy0n7gsq,1163040,205235185373975857446aevmos,13567641148480680154aevmos
540,evmos14grvewuwglzte46sanee7xpk04934ulllk0835,1163080,487066556348351888020aevmos,32206683568423650668aevmos
541,evmos1wdj9tk5j9hlry4c05fw4h2py6nx9txc8dpz333,1163946,104936150402264463380aevmos,6978257458603542508aevmos
542,evmos169enfyx3xcmnvjvvlmt22ythxu7za7e4mxjkgk,1164418,172053293217486258484aevmos,11476723116685213388aevmos
